row #,codeTable,template,octet,noteAppliesTo,noteID-PDF,noteGitHub,myComment
1001,1.6,GRIB2_Template_1_0_IdentificationTemplate_en,24,octet,n/a,(see Code table 1.6),
1004,1.6,GRIB2_Template_1_2_IdentificationTemplate_en,24,octet,n/a,(see Code table 1.6),
1007,3.2,GRIB2_Template_3_0_GridDefinitionTemplate_en,15,octet,n/a,(see Code table 3.2),
1039,3.2,GRIB2_Template_3_4_GridDefinitionTemplate_en,15,octet,n/a,(see Code table 3.2),
1059,3.2,GRIB2_Template_3_10_GridDefinitionTemplate_en,15,octet,n/a,(see Code table 3.2),
1066,3.2,GRIB2_Template_3_12_GridDefinitionTemplate_en,15,octet,n/a,(see Code table 3.2),
1070,3.2,GRIB2_Template_3_20_GridDefinitionTemplate_en,15,octet,n/a,(see Code table 3.2),
1081,3.2,GRIB2_Template_3_30_GridDefinitionTemplate_en,15,octet,n/a,(see Code table 3.2),
1091,3.2,GRIB2_Template_3_31_GridDefinitionTemplate_en,15,octet,n/a,(see Code table 3.2),
1102,3.2,GRIB2_Template_3_40_GridDefinitionTemplate_en,15,octet,n/a,(see Code table 3.2),
1134,3.6,GRIB2_Template_3_50_GridDefinitionTemplate_en,27,octet,n/a,(see Code table 3.6),
1135,3.7,GRIB2_Template_3_50_GridDefinitionTemplate_en,28,octet,n/a,(see Code table 3.7),
1143,4.1,GRIB2_Template_4_0_ProductDefinitionTemplate_en,10,octet,n/a,(see Code table 4.1),
1144,4.2,GRIB2_Template_4_0_ProductDefinitionTemplate_en,11,octet,n/a,(see Code table 4.2),
1145,4.3,GRIB2_Template_4_0_ProductDefinitionTemplate_en,12,octet,n/a,(see Code table 4.3),
1147,4.4,GRIB2_Template_4_0_ProductDefinitionTemplate_en,18,octet,n/a,(see Code table 4.4),
1148,4.5,GRIB2_Template_4_0_ProductDefinitionTemplate_en,23,octet,n/a,(see Code table 4.5),
1149,4.5,GRIB2_Template_4_0_ProductDefinitionTemplate_en,29,octet,n/a,(see Code table 4.5),
1150,4.1,GRIB2_Template_4_1_ProductDefinitionTemplate_en,10,octet,n/a,(see Code table 4.1),
1151,4.2,GRIB2_Template_4_1_ProductDefinitionTemplate_en,11,octet,n/a,(see Code table 4.2),
1152,4.3,GRIB2_Template_4_1_ProductDefinitionTemplate_en,12,octet,n/a,(see Code table 4.3),
1154,4.4,GRIB2_Template_4_1_ProductDefinitionTemplate_en,18,octet,n/a,(see Code table 4.4),
1155,4.5,GRIB2_Template_4_1_ProductDefinitionTemplate_en,23,octet,n/a,(see Code table 4.5),
1156,4.5,GRIB2_Template_4_1_ProductDefinitionTemplate_en,29,octet,n/a,(see Code table 4.5),
1157,4.6,GRIB2_Template_4_1_ProductDefinitionTemplate_en,35,octet,n/a,(see Code table 4.6),
1158,4.1,GRIB2_Template_4_2_ProductDefinitionTemplate_en,10,octet,n/a,(see Code table 4.1),
1159,4.2,GRIB2_Template_4_2_ProductDefinitionTemplate_en,11,octet,n/a,(see Code table 4.2),
1160,4.3,GRIB2_Template_4_2_ProductDefinitionTemplate_en,12,octet,n/a,(see Code table 4.3),
1162,4.4,GRIB2_Template_4_2_ProductDefinitionTemplate_en,18,octet,n/a,(see Code table 4.4),
1163,4.5,GRIB2_Template_4_2_ProductDefinitionTemplate_en,23,octet,n/a,(see Code table 4.5),
1164,4.5,GRIB2_Template_4_2_ProductDefinitionTemplate_en,29,octet,n/a,(see Code table 4.5),
1165,4.7,GRIB2_Template_4_2_ProductDefinitionTemplate_en,35,octet,n/a,(see Code table 4.7),
1166,4.1,GRIB2_Template_4_3_ProductDefinitionTemplate_en,10,octet,n/a,(see Code table 4.1),
1167,4.2,GRIB2_Template_4_3_ProductDefinitionTemplate_en,11,octet,n/a,(see Code table 4.2),
1168,4.3,GRIB2_Template_4_3_ProductDefinitionTemplate_en,12,octet,n/a,(see Code table 4.3),
1170,4.4,GRIB2_Template_4_3_ProductDefinitionTemplate_en,18,octet,n/a,(see Code table 4.4),
1171,4.5,GRIB2_Template_4_3_ProductDefinitionTemplate_en,23,octet,n/a,(see Code table 4.5),
1172,4.5,GRIB2_Template_4_3_ProductDefinitionTemplate_en,29,octet,n/a,(see Code table 4.5),
1173,4.7,GRIB2_Template_4_3_ProductDefinitionTemplate_en,35,octet,n/a,(see Code table 4.7),
1174,4.8,GRIB2_Template_4_3_ProductDefinitionTemplate_en,41,octet,n/a,(see Code table 4.8),
1175,4.1,GRIB2_Template_4_4_ProductDefinitionTemplate_en,10,octet,n/a,(see Code table 4.1),
1176,4.2,GRIB2_Template_4_4_ProductDefinitionTemplate_en,11,octet,n/a,(see Code table 4.2),
1177,4.3,GRIB2_Template_4_4_ProductDefinitionTemplate_en,12,octet,n/a,(see Code table 4.3),
1179,4.4,GRIB2_Template_4_4_ProductDefinitionTemplate_en,18,octet,n/a,(see Code table 4.4),
1180,4.5,GRIB2_Template_4_4_ProductDefinitionTemplate_en,23,octet,n/a,(see Code table 4.5),
1181,4.5,GRIB2_Template_4_4_ProductDefinitionTemplate_en,29,octet,n/a,(see Code table 4.5),
1182,4.7,GRIB2_Template_4_4_ProductDefinitionTemplate_en,35,octet,n/a,(see Code table 4.7),
1183,4.8,GRIB2_Template_4_4_ProductDefinitionTemplate_en,41,octet,n/a,(see Code table 4.8),
1184,4.1,GRIB2_Template_4_5_ProductDefinitionTemplate_en,10,octet,n/a,(see Code table 4.1),
1185,4.2,GRIB2_Template_4_5_ProductDefinitionTemplate_en,11,octet,n/a,(see Code table 4.2),
1186,4.3,GRIB2_Template_4_5_ProductDefinitionTemplate_en,12,octet,n/a,(see Code table 4.3),
1188,4.4,GRIB2_Template_4_5_ProductDefinitionTemplate_en,18,octet,n/a,(see Code table 4.4),
1189,4.5,GRIB2_Template_4_5_ProductDefinitionTemplate_en,23,octet,n/a,(see Code table 4.5),
1190,4.5,GRIB2_Template_4_5_ProductDefinitionTemplate_en,29,octet,n/a,(see Code table 4.5),
1191,4.9,GRIB2_Template_4_5_ProductDefinitionTemplate_en,37,octet,n/a,(see Code table 4.9),
1192,4.1,GRIB2_Template_4_6_ProductDefinitionTemplate_en,10,octet,n/a,(see Code table 4.1),
1193,4.2,GRIB2_Template_4_6_ProductDefinitionTemplate_en,11,octet,n/a,(see Code table 4.2),
1194,4.3,GRIB2_Template_4_6_ProductDefinitionTemplate_en,12,octet,n/a,(see Code table 4.3),
1196,4.4,GRIB2_Template_4_6_ProductDefinitionTemplate_en,18,octet,n/a,(see Code table 4.4),
1197,4.5,GRIB2_Template_4_6_ProductDefinitionTemplate_en,23,octet,n/a,(see Code table 4.5),
1198,4.5,GRIB2_Template_4_6_ProductDefinitionTemplate_en,29,octet,n/a,(see Code table 4.5),
1199,4.1,GRIB2_Template_4_7_ProductDefinitionTemplate_en,10,octet,n/a,(see Code table 4.1),
1200,4.2,GRIB2_Template_4_7_ProductDefinitionTemplate_en,11,octet,n/a,(see Code table 4.2),
1201,4.3,GRIB2_Template_4_7_ProductDefinitionTemplate_en,12,octet,n/a,(see Code table 4.3),
1203,4.4,GRIB2_Template_4_7_ProductDefinitionTemplate_en,18,octet,n/a,(see Code table 4.4),
1204,4.5,GRIB2_Template_4_7_ProductDefinitionTemplate_en,23,octet,n/a,(see Code table 4.5),
1205,4.5,GRIB2_Template_4_7_ProductDefinitionTemplate_en,29,octet,n/a,(see Code table 4.5),
1207,4.1,GRIB2_Template_4_8_ProductDefinitionTemplate_en,10,octet,n/a,(see Code table 4.1),
1208,4.2,GRIB2_Template_4_8_ProductDefinitionTemplate_en,11,octet,n/a,(see Code table 4.2),
1209,4.3,GRIB2_Template_4_8_ProductDefinitionTemplate_en,12,octet,n/a,(see Code table 4.3),
1211,4.4,GRIB2_Template_4_8_ProductDefinitionTemplate_en,18,octet,n/a,(see Code table 4.4),
1213,4.5,GRIB2_Template_4_8_ProductDefinitionTemplate_en,23,octet,n/a,(see Code table 4.5),
1214,4.5,GRIB2_Template_4_8_ProductDefinitionTemplate_en,29,octet,n/a,(see Code table 4.5),
1215,4.1,GRIB2_Template_4_8_ProductDefinitionTemplate_en,47,octet,n/a,(see Code table 4.10),
1216,4.11,GRIB2_Template_4_8_ProductDefinitionTemplate_en,48,octet,n/a,(see Code table 4.11),
1217,4.4,GRIB2_Template_4_8_ProductDefinitionTemplate_en,49,octet,n/a,(see Code table 4.4),
1218,4.4,GRIB2_Template_4_8_ProductDefinitionTemplate_en,54,octet,n/a,(see Code table 4.4),
1221,4.1,GRIB2_Template_4_9_ProductDefinitionTemplate_en,10,octet,n/a,(see Code table 4.1),
1222,4.2,GRIB2_Template_4_9_ProductDefinitionTemplate_en,11,octet,n/a,(see Code table 4.2),
1223,4.3,GRIB2_Template_4_9_ProductDefinitionTemplate_en,12,octet,n/a,(see Code table 4.3),
1225,4.4,GRIB2_Template_4_9_ProductDefinitionTemplate_en,18,octet,n/a,(see Code table 4.4),
1227,4.5,GRIB2_Template_4_9_ProductDefinitionTemplate_en,23,octet,n/a,(see Code table 4.5),
1228,4.5,GRIB2_Template_4_9_ProductDefinitionTemplate_en,29,octet,n/a,(see Code table 4.5),
1229,4.9,GRIB2_Template_4_9_ProductDefinitionTemplate_en,37,octet,n/a,(see Code table 4.9),
1230,4.1,GRIB2_Template_4_9_ProductDefinitionTemplate_en,60,octet,n/a,(see Code table 4.10),
1231,4.11,GRIB2_Template_4_9_ProductDefinitionTemplate_en,61,octet,n/a,(see Code table 4.11),
1232,4.4,GRIB2_Template_4_9_ProductDefinitionTemplate_en,62,octet,n/a,(see Code table 4.4),
1233,4.4,GRIB2_Template_4_9_ProductDefinitionTemplate_en,67,octet,n/a,(see Code table 4.4),
1236,4.1,GRIB2_Template_4_10_ProductDefinitionTemplate_en,10,octet,n/a,(see Code table 4.1),
1237,4.2,GRIB2_Template_4_10_ProductDefinitionTemplate_en,11,octet,n/a,(see Code table 4.2),
1238,4.3,GRIB2_Template_4_10_ProductDefinitionTemplate_en,12,octet,n/a,(see Code table 4.3),
1240,4.4,GRIB2_Template_4_10_ProductDefinitionTemplate_en,18,octet,n/a,(see Code table 4.4),
1242,4.5,GRIB2_Template_4_10_ProductDefinitionTemplate_en,23,octet,n/a,(see Code table 4.5),
1243,4.5,GRIB2_Template_4_10_ProductDefinitionTemplate_en,29,octet,n/a,(see Code table 4.5),
1244,4.1,GRIB2_Template_4_10_ProductDefinitionTemplate_en,48,octet,n/a,(see Code table 4.10),
1245,4.11,GRIB2_Template_4_10_ProductDefinitionTemplate_en,49,octet,n/a,(see Code table 4.11),
1246,4.4,GRIB2_Template_4_10_ProductDefinitionTemplate_en,50,octet,n/a,(see Code table 4.4),
1247,4.4,GRIB2_Template_4_10_ProductDefinitionTemplate_en,55,octet,n/a,(see Code table 4.4),
1250,4.1,GRIB2_Template_4_11_ProductDefinitionTemplate_en,10,octet,n/a,(see Code table 4.1),
1251,4.2,GRIB2_Template_4_11_ProductDefinitionTemplate_en,11,octet,n/a,(see Code table 4.2),
1252,4.3,GRIB2_Template_4_11_ProductDefinitionTemplate_en,12,octet,n/a,(see Code table 4.3),
1254,4.4,GRIB2_Template_4_11_ProductDefinitionTemplate_en,18,octet,n/a,(see Code table 4.4),
1256,4.5,GRIB2_Template_4_11_ProductDefinitionTemplate_en,23,octet,n/a,(see Code table 4.5),
1257,4.5,GRIB2_Template_4_11_ProductDefinitionTemplate_en,29,octet,n/a,(see Code table 4.5),
1258,4.6,GRIB2_Template_4_11_ProductDefinitionTemplate_en,35,octet,n/a,(see Code table 4.6),
1259,4.1,GRIB2_Template_4_11_ProductDefinitionTemplate_en,50,octet,n/a,(see Code table 4.10),
1260,4.11,GRIB2_Template_4_11_ProductDefinitionTemplate_en,51,octet,n/a,(see Code table 4.11),
1261,4.4,GRIB2_Template_4_11_ProductDefinitionTemplate_en,52,octet,n/a,(see Code table 4.4),
1262,4.4,GRIB2_Template_4_11_ProductDefinitionTemplate_en,57,octet,n/a,(see Code table 4.4),
1265,4.1,GRIB2_Template_4_12_ProductDefinitionTemplate_en,10,octet,n/a,(see Code table 4.1),
1266,4.2,GRIB2_Template_4_12_ProductDefinitionTemplate_en,11,octet,n/a,(see Code table 4.2),
1267,4.3,GRIB2_Template_4_12_ProductDefinitionTemplate_en,12,octet,n/a,(see Code table 4.3),
1269,4.4,GRIB2_Template_4_12_ProductDefinitionTemplate_en,18,octet,n/a,(see Code table 4.4),
1271,4.5,GRIB2_Template_4_12_ProductDefinitionTemplate_en,23,octet,n/a,(see Code table 4.5),
1272,4.5,GRIB2_Template_4_12_ProductDefinitionTemplate_en,29,octet,n/a,(see Code table 4.5),
1273,4.7,GRIB2_Template_4_12_ProductDefinitionTemplate_en,35,octet,n/a,(see Code table 4.7),
1274,4.1,GRIB2_Template_4_12_ProductDefinitionTemplate_en,49,octet,n/a,(see Code table 4.10),
1275,4.11,GRIB2_Template_4_12_ProductDefinitionTemplate_en,50,octet,n/a,(see Code table 4.11),
1276,4.4,GRIB2_Template_4_12_ProductDefinitionTemplate_en,51,octet,n/a,(see Code table 4.4),
1277,4.4,GRIB2_Template_4_12_ProductDefinitionTemplate_en,56,octet,n/a,(see Code table 4.4),
1280,4.1,GRIB2_Template_4_13_ProductDefinitionTemplate_en,10,octet,n/a,(see Code table 4.1),
1281,4.2,GRIB2_Template_4_13_ProductDefinitionTemplate_en,11,octet,n/a,(see Code table 4.2),
1282,4.3,GRIB2_Template_4_13_ProductDefinitionTemplate_en,12,octet,n/a,(see Code table 4.3),
1284,4.4,GRIB2_Template_4_13_ProductDefinitionTemplate_en,18,octet,n/a,(see Code table 4.4),
1286,4.5,GRIB2_Template_4_13_ProductDefinitionTemplate_en,23,octet,n/a,(see Code table 4.5),
1287,4.5,GRIB2_Template_4_13_ProductDefinitionTemplate_en,29,octet,n/a,(see Code table 4.5),
1288,4.7,GRIB2_Template_4_13_ProductDefinitionTemplate_en,35,octet,n/a,(see Code table 4.7),
1289,4.8,GRIB2_Template_4_13_ProductDefinitionTemplate_en,41,octet,n/a,(see Code table 4.8),
1290,4.1,GRIB2_Template_4_13_ProductDefinitionTemplate_en,81,octet,n/a,(see Code table 4.10),
1291,4.11,GRIB2_Template_4_13_ProductDefinitionTemplate_en,82,octet,n/a,(see Code table 4.11),
1292,4.4,GRIB2_Template_4_13_ProductDefinitionTemplate_en,83,octet,n/a,(see Code table 4.4),
1293,4.4,GRIB2_Template_4_13_ProductDefinitionTemplate_en,88,octet,n/a,(see Code table 4.4),
1296,4.1,GRIB2_Template_4_14_ProductDefinitionTemplate_en,10,octet,n/a,(see Code table 4.1),
1297,4.2,GRIB2_Template_4_14_ProductDefinitionTemplate_en,11,octet,n/a,(see Code table 4.2),
1298,4.3,GRIB2_Template_4_14_ProductDefinitionTemplate_en,12,octet,n/a,(see Code table 4.3),
1300,4.4,GRIB2_Template_4_14_ProductDefinitionTemplate_en,18,octet,n/a,(see Code table 4.4),
1302,4.5,GRIB2_Template_4_14_ProductDefinitionTemplate_en,23,octet,n/a,(see Code table 4.5),
1303,4.5,GRIB2_Template_4_14_ProductDefinitionTemplate_en,29,octet,n/a,(see Code table 4.5),
1304,4.7,GRIB2_Template_4_14_ProductDefinitionTemplate_en,35,octet,n/a,(see Code table 4.7),
1305,4.8,GRIB2_Template_4_14_ProductDefinitionTemplate_en,41,octet,n/a,(see Code table 4.8),
1306,4.1,GRIB2_Template_4_14_ProductDefinitionTemplate_en,77,octet,n/a,(see Code table 4.10),
1307,4.11,GRIB2_Template_4_14_ProductDefinitionTemplate_en,78,octet,n/a,(see Code table 4.11),
1308,4.4,GRIB2_Template_4_14_ProductDefinitionTemplate_en,79,octet,n/a,(see Code table 4.4),
1309,4.4,GRIB2_Template_4_14_ProductDefinitionTemplate_en,84,octet,n/a,(see Code table 4.4),
1312,4.1,GRIB2_Template_4_15_ProductDefinitionTemplate_en,10,octet,n/a,(see Code table 4.1),
1313,4.2,GRIB2_Template_4_15_ProductDefinitionTemplate_en,11,octet,n/a,(see Code table 4.2),
1314,4.3,GRIB2_Template_4_15_ProductDefinitionTemplate_en,12,octet,n/a,(see Code table 4.3),
1316,4.4,GRIB2_Template_4_15_ProductDefinitionTemplate_en,18,octet,n/a,(see Code table 4.4),
1317,4.5,GRIB2_Template_4_15_ProductDefinitionTemplate_en,23,octet,n/a,(see Code table 4.5),
1318,4.5,GRIB2_Template_4_15_ProductDefinitionTemplate_en,29,octet,n/a,(see Code table 4.5),
1319,4.1,GRIB2_Template_4_15_ProductDefinitionTemplate_en,35,octet,n/a,(see Code table 4.10),
1320,4.15,GRIB2_Template_4_15_ProductDefinitionTemplate_en,36,octet,n/a,(see Code table 4.15),
1321,4.1,GRIB2_Template_4_20_ProductDefinitionTemplate_en,10,octet,n/a,(see Code table 4.1),
1322,4.2,GRIB2_Template_4_20_ProductDefinitionTemplate_en,11,octet,n/a,(see Code table 4.2),
1323,4.3,GRIB2_Template_4_20_ProductDefinitionTemplate_en,12,octet,n/a,(see Code table 4.3),
1324,4.12,GRIB2_Template_4_20_ProductDefinitionTemplate_en,31,octet,n/a,(see Code table 4.12),
1325,4.13,GRIB2_Template_4_20_ProductDefinitionTemplate_en,33,octet,n/a,(see Code table 4.13),
1326,4.14,GRIB2_Template_4_20_ProductDefinitionTemplate_en,34,octet,n/a,(see Code table 4.14),
1327,4.1,GRIB2_Template_4_30_ProductDefinitionTemplate_en,10,octet,n/a,(see Code table 4.1),
1328,4.2,GRIB2_Template_4_30_ProductDefinitionTemplate_en,11,octet,n/a,(see Code table 4.2),
1329,4.3,GRIB2_Template_4_30_ProductDefinitionTemplate_en,12,octet,n/a,(see Code table 4.3),
1332,4.1,GRIB2_Template_4_31_ProductDefinitionTemplate_en,10,octet,n/a,(see Code table 4.1),
1333,4.2,GRIB2_Template_4_31_ProductDefinitionTemplate_en,11,octet,n/a,(see Code table 4.2),
1334,4.3,GRIB2_Template_4_31_ProductDefinitionTemplate_en,12,octet,n/a,(see Code table 4.3),
1336,4.1,GRIB2_Template_4_32_ProductDefinitionTemplate_en,10,octet,n/a,(see Code table 4.1),
1337,4.2,GRIB2_Template_4_32_ProductDefinitionTemplate_en,11,octet,n/a,(see Code table 4.2),
1338,4.3,GRIB2_Template_4_32_ProductDefinitionTemplate_en,12,octet,n/a,(see Code table 4.3),
1340,4.4,GRIB2_Template_4_32_ProductDefinitionTemplate_en,18,octet,n/a,(see Code table 4.4),
1342,4.1,GRIB2_Template_4_33_ProductDefinitionTemplate_en,10,octet,n/a,(see Code table 4.1),
1343,4.2,GRIB2_Template_4_33_ProductDefinitionTemplate_en,11,octet,n/a,(see Code table 4.2),
1344,4.3,GRIB2_Template_4_33_ProductDefinitionTemplate_en,12,octet,n/a,(see Code table 4.3),
1346,4.4,GRIB2_Template_4_33_ProductDefinitionTemplate_en,18,octet,n/a,(see Code table 4.4),
1347,4.6,GRIB2_Template_4_33_ProductDefinitionTemplate_en,(24+11NB),octet,n/a,(see Code table 4.6),
1348,4.1,GRIB2_Template_4_34_ProductDefinitionTemplate_en,10,octet,n/a,(see Code table 4.1),
1349,4.2,GRIB2_Template_4_34_ProductDefinitionTemplate_en,11,octet,n/a,(see Code table 4.2),
1350,4.3,GRIB2_Template_4_34_ProductDefinitionTemplate_en,12,octet,n/a,(see Code table 4.3),
1352,4.4,GRIB2_Template_4_34_ProductDefinitionTemplate_en,18,octet,n/a,(see Code table 4.4),
1354,4.6,GRIB2_Template_4_34_ProductDefinitionTemplate_en,(24+11NB),octet,n/a,(see Code table 4.6),
1355,4.1,GRIB2_Template_4_34_ProductDefinitionTemplate_en,(39+11NB+12(i-1)),octet,n/a,(see Code table 4.10),
1356,4.11,GRIB2_Template_4_34_ProductDefinitionTemplate_en,(40+11NB+12(i-1)),octet,n/a,(see Code table 4.11),
1357,4.4,GRIB2_Template_4_34_ProductDefinitionTemplate_en,(41+11NB+12(i-1)),octet,n/a,(see Code table 4.4),
1358,4.4,GRIB2_Template_4_34_ProductDefinitionTemplate_en,(46+11NB+12(i-1)),octet,n/a,(see Code table 4.4),
1361,4.1,GRIB2_Template_4_35_ProductDefinitionTemplate_en,10,octet,n/a,(see Code table 4.1),
1362,4.2,GRIB2_Template_4_35_ProductDefinitionTemplate_en,11,octet,n/a,(see Code table 4.2),
1363,4.3,GRIB2_Template_4_35_ProductDefinitionTemplate_en,12,octet,n/a,(see Code table 4.3),
1364,4.16,GRIB2_Template_4_35_ProductDefinitionTemplate_en,14,octet,n/a,(see Code table 4.16),
1366,4.1,GRIB2_Template_4_40_ProductDefinitionTemplate_en,10,octet,n/a,(see Code table 4.1),
1367,4.2,GRIB2_Template_4_40_ProductDefinitionTemplate_en,11,octet,n/a,(see Code table 4.2),
1368,4.23,GRIB2_Template_4_40_ProductDefinitionTemplate_en,12-13,octet,n/a,(see Code table 4.230),
1369,4.3,GRIB2_Template_4_40_ProductDefinitionTemplate_en,14,octet,n/a,(see Code table 4.3),
1371,4.4,GRIB2_Template_4_40_ProductDefinitionTemplate_en,20,octet,n/a,(see Code table 4.4),
1372,4.5,GRIB2_Template_4_40_ProductDefinitionTemplate_en,25,octet,n/a,(see Code table 4.5),
1373,4.5,GRIB2_Template_4_40_ProductDefinitionTemplate_en,31,octet,n/a,(see Code table 4.5),
1374,4.1,GRIB2_Template_4_41_ProductDefinitionTemplate_en,10,octet,n/a,(see Code table 4.1),
1375,4.2,GRIB2_Template_4_41_ProductDefinitionTemplate_en,11,octet,n/a,(see Code table 4.2),
1376,4.23,GRIB2_Template_4_41_ProductDefinitionTemplate_en,12-13,octet,n/a,(see Code table 4.230),
1377,4.3,GRIB2_Template_4_41_ProductDefinitionTemplate_en,14,octet,n/a,(see Code table 4.3),
1379,4.4,GRIB2_Template_4_41_ProductDefinitionTemplate_en,20,octet,n/a,(see Code table 4.4),
1380,4.5,GRIB2_Template_4_41_ProductDefinitionTemplate_en,25,octet,n/a,(see Code table 4.5),
1381,4.5,GRIB2_Template_4_41_ProductDefinitionTemplate_en,31,octet,n/a,(see Code table 4.5),
1382,4.6,GRIB2_Template_4_41_ProductDefinitionTemplate_en,37,octet,n/a,(see Code table 4.6),
1383,4.1,GRIB2_Template_4_42_ProductDefinitionTemplate_en,10,octet,n/a,(see Code table 4.1),
1384,4.2,GRIB2_Template_4_42_ProductDefinitionTemplate_en,11,octet,n/a,(see Code table 4.2),
1385,4.23,GRIB2_Template_4_42_ProductDefinitionTemplate_en,12-13,octet,n/a,(see Code table 4.230),
1386,4.3,GRIB2_Template_4_42_ProductDefinitionTemplate_en,14,octet,n/a,(see Code table 4.3),
1388,4.4,GRIB2_Template_4_42_ProductDefinitionTemplate_en,20,octet,n/a,(see Code table 4.4),
1390,4.5,GRIB2_Template_4_42_ProductDefinitionTemplate_en,25,octet,n/a,(see Code table 4.5),
1391,4.5,GRIB2_Template_4_42_ProductDefinitionTemplate_en,31,octet,n/a,(see Code table 4.5),
1392,4.1,GRIB2_Template_4_42_ProductDefinitionTemplate_en,49,octet,n/a,(see Code table 4.10),
1393,4.11,GRIB2_Template_4_42_ProductDefinitionTemplate_en,50,octet,n/a,(see Code table 4.11),
1394,4.4,GRIB2_Template_4_42_ProductDefinitionTemplate_en,51,octet,n/a,(see Code table 4.4),
1395,4.4,GRIB2_Template_4_42_ProductDefinitionTemplate_en,56,octet,n/a,(see Code table 4.4),
1398,4.1,GRIB2_Template_4_43_ProductDefinitionTemplate_en,10,octet,n/a,(see Code table 4.1),
1399,4.2,GRIB2_Template_4_43_ProductDefinitionTemplate_en,11,octet,n/a,(see Code table 4.2),
1400,4.23,GRIB2_Template_4_43_ProductDefinitionTemplate_en,12-13,octet,n/a,(see Code table 4.230),
1401,4.3,GRIB2_Template_4_43_ProductDefinitionTemplate_en,14,octet,n/a,(see Code table 4.3),
1403,4.4,GRIB2_Template_4_43_ProductDefinitionTemplate_en,20,octet,n/a,(see Code table 4.4),
1405,4.5,GRIB2_Template_4_43_ProductDefinitionTemplate_en,25,octet,n/a,(see Code table 4.5),
1406,4.5,GRIB2_Template_4_43_ProductDefinitionTemplate_en,31,octet,n/a,(see Code table 4.5),
1407,4.6,GRIB2_Template_4_43_ProductDefinitionTemplate_en,37,octet,n/a,(see Code table 4.6),
1408,4.1,GRIB2_Template_4_43_ProductDefinitionTemplate_en,52,octet,n/a,(see Code table 4.10),
1409,4.11,GRIB2_Template_4_43_ProductDefinitionTemplate_en,53,octet,n/a,(see Code table 4.11),
1410,4.4,GRIB2_Template_4_43_ProductDefinitionTemplate_en,54,octet,n/a,(see Code table 4.4),
1411,4.4,GRIB2_Template_4_43_ProductDefinitionTemplate_en,59,octet,n/a,(see Code table 4.4),
1414,4.1,GRIB2_Template_4_44_ProductDefinitionTemplate_en,10,octet,n/a,(see Code table 4.1),
1415,4.2,GRIB2_Template_4_44_ProductDefinitionTemplate_en,11,octet,n/a,(see Code table 4.2),
1416,4.233,GRIB2_Template_4_44_ProductDefinitionTemplate_en,12-13,octet,n/a,(see Code table 4.233),
1417,4.91,GRIB2_Template_4_44_ProductDefinitionTemplate_en,14,octet,n/a,(see Code table 4.91),
1418,4.3,GRIB2_Template_4_44_ProductDefinitionTemplate_en,25,octet,n/a,(see Code table 4.3),
1420,4.4,GRIB2_Template_4_44_ProductDefinitionTemplate_en,31,octet,n/a,(see Code table 4.4),
1421,4.5,GRIB2_Template_4_44_ProductDefinitionTemplate_en,34,octet,n/a,(see Code table 4.5),
1422,4.5,GRIB2_Template_4_44_ProductDefinitionTemplate_en,40,octet,n/a,(see Code table 4.5),
1424,4.1,GRIB2_Template_4_45_ProductDefinitionTemplate_en,10,octet,n/a,(see Code table 4.1),
1425,4.2,GRIB2_Template_4_45_ProductDefinitionTemplate_en,11,octet,n/a,(see Code table 4.2),
1426,4.233,GRIB2_Template_4_45_ProductDefinitionTemplate_en,12-13,octet,n/a,(see Code table 4.233),
1427,4.91,GRIB2_Template_4_45_ProductDefinitionTemplate_en,14,octet,n/a,(see Code table 4.91),
1428,4.3,GRIB2_Template_4_45_ProductDefinitionTemplate_en,25,octet,n/a,(see Code table 4.3),
1430,4.4,GRIB2_Template_4_45_ProductDefinitionTemplate_en,31,octet,n/a,(see Code table 4.4),
1431,4.5,GRIB2_Template_4_45_ProductDefinitionTemplate_en,36,octet,n/a,(see Code table 4.5),
1432,4.5,GRIB2_Template_4_45_ProductDefinitionTemplate_en,42,octet,n/a,(see Code table 4.5),
1433,4.6,GRIB2_Template_4_45_ProductDefinitionTemplate_en,48,octet,n/a,(see Code table 4.6),
1434,4.1,GRIB2_Template_4_46_ProductDefinitionTemplate_en,10,octet,n/a,(see Code table 4.1),
1435,4.2,GRIB2_Template_4_46_ProductDefinitionTemplate_en,11,octet,n/a,(see Code table 4.2),
1436,4.233,GRIB2_Template_4_46_ProductDefinitionTemplate_en,12-13,octet,n/a,(see Code table 4.233),
1437,4.91,GRIB2_Template_4_46_ProductDefinitionTemplate_en,14,octet,n/a,(see Code table 4.91),
1438,4.3,GRIB2_Template_4_46_ProductDefinitionTemplate_en,25,octet,n/a,(see Code table 4.3),
1440,4.4,GRIB2_Template_4_46_ProductDefinitionTemplate_en,31,octet,n/a,(see Code table 4.4),
1442,4.5,GRIB2_Template_4_46_ProductDefinitionTemplate_en,36,octet,n/a,(see Code table 4.5),
1443,4.5,GRIB2_Template_4_46_ProductDefinitionTemplate_en,42,octet,n/a,(see Code table 4.5),
1444,4.1,GRIB2_Template_4_46_ProductDefinitionTemplate_en,60,octet,n/a,(see Code table 4.10),
1445,4.11,GRIB2_Template_4_46_ProductDefinitionTemplate_en,61,octet,n/a,(see Code table 4.11),
1446,4.4,GRIB2_Template_4_46_ProductDefinitionTemplate_en,62,octet,n/a,(see Code table 4.4),
1447,4.4,GRIB2_Template_4_46_ProductDefinitionTemplate_en,67,octet,n/a,(see Code table 4.4),
1450,4.1,GRIB2_Template_4_47_ProductDefinitionTemplate_en,10,octet,n/a,(see Code table 4.1),
1451,4.2,GRIB2_Template_4_47_ProductDefinitionTemplate_en,11,octet,n/a,(see Code table 4.2),
1452,4.3,GRIB2_Template_4_47_ProductDefinitionTemplate_en,12,octet,n/a,(see Code table 4.3),
1453,4.233,GRIB2_Template_4_47_ProductDefinitionTemplate_en,13-14,octet,n/a,(see Code table 4.233),
1454,4.91,GRIB2_Template_4_47_ProductDefinitionTemplate_en,15,octet,n/a,(see Code table 4.91),
1456,4.4,GRIB2_Template_4_47_ProductDefinitionTemplate_en,31,octet,n/a,(see Code table 4.4),
1458,4.5,GRIB2_Template_4_47_ProductDefinitionTemplate_en,36,octet,n/a,(see Code table 4.5),
1459,4.5,GRIB2_Template_4_47_ProductDefinitionTemplate_en,42,octet,n/a,(see Code table 4.5),
1460,4.6,GRIB2_Template_4_47_ProductDefinitionTemplate_en,48,octet,n/a,(see Code table 4.6),
1461,4.1,GRIB2_Template_4_47_ProductDefinitionTemplate_en,63,octet,n/a,(see Code table 4.10),
1462,4.11,GRIB2_Template_4_47_ProductDefinitionTemplate_en,64,octet,n/a,(see Code table 4.11),
1463,4.4,GRIB2_Template_4_47_ProductDefinitionTemplate_en,65,octet,n/a,(see Code table 4.4),
1464,4.4,GRIB2_Template_4_47_ProductDefinitionTemplate_en,70,octet,n/a,(see Code table 4.4),
1467,4.1,GRIB2_Template_4_48_ProductDefinitionTemplate_en,10,octet,n/a,(see Code table 4.1),
1468,4.2,GRIB2_Template_4_48_ProductDefinitionTemplate_en,11,octet,n/a,(see Code table 4.2),
1470,4.91,GRIB2_Template_4_48_ProductDefinitionTemplate_en,14,octet,n/a,(see Code table 4.91),
1471,4.91,GRIB2_Template_4_48_ProductDefinitionTemplate_en,25,octet,n/a,(see Code table 4.91),
1472,4.3,GRIB2_Template_4_48_ProductDefinitionTemplate_en,36,octet,n/a,(see Code table 4.3),
1474,4.4,GRIB2_Template_4_48_ProductDefinitionTemplate_en,42,octet,n/a,(see Code table 4.4),
1475,4.5,GRIB2_Template_4_48_ProductDefinitionTemplate_en,47,octet,n/a,(see Code table 4.5),
1476,4.5,GRIB2_Template_4_48_ProductDefinitionTemplate_en,53,octet,n/a,(see Code table 4.5),
1477,4.1,GRIB2_Template_4_49_ProductDefinitionTemplate_en,10,octet,n/a,(see Code table 4.1),
1478,4.2,GRIB2_Template_4_49_ProductDefinitionTemplate_en,11,octet,n/a,(see Code table 4.2),
1480,4.91,GRIB2_Template_4_49_ProductDefinitionTemplate_en,14,octet,n/a,(see Code table 4.91),
1481,4.91,GRIB2_Template_4_49_ProductDefinitionTemplate_en,25,octet,n/a,(see Code table 4.91),
1482,4.3,GRIB2_Template_4_49_ProductDefinitionTemplate_en,36,octet,n/a,(see Code table 4.3),
1484,4.4,GRIB2_Template_4_49_ProductDefinitionTemplate_en,42,octet,n/a,(see Code table 4.4),
1485,4.5,GRIB2_Template_4_49_ProductDefinitionTemplate_en,47,octet,n/a,(see Code table 4.5),
1486,4.5,GRIB2_Template_4_49_ProductDefinitionTemplate_en,53,octet,n/a,(see Code table 4.5),
1487,4.6,GRIB2_Template_4_49_ProductDefinitionTemplate_en,59,octet,n/a,(see Code table 4.6),
1488,4.1,GRIB2_Template_4_51_ProductDefinitionTemplate_en,10,octet,n/a,(see Code table 4.1),
1489,4.2,GRIB2_Template_4_51_ProductDefinitionTemplate_en,11,octet,n/a,(see Code table 4.2),
1490,4.3,GRIB2_Template_4_51_ProductDefinitionTemplate_en,12,octet,n/a,(see Code table 4.3),
1492,4.4,GRIB2_Template_4_51_ProductDefinitionTemplate_en,18,octet,n/a,(see Code table 4.4),
1493,4.5,GRIB2_Template_4_51_ProductDefinitionTemplate_en,23,octet,n/a,(see Code table 4.5),
1494,4.5,GRIB2_Template_4_51_ProductDefinitionTemplate_en,29,octet,n/a,(see Code table 4.5),
1495,4.91,GRIB2_Template_4_51_ProductDefinitionTemplate_en,(37+12(i-1)),octet,n/a,(see Code table 4.91),
1496,4.1,GRIB2_Template_4_53_ProductDefinitionTemplate_en,10,octet,n/a,(see Code table 4.1),
1497,4.2,GRIB2_Template_4_53_ProductDefinitionTemplate_en,11,octet,n/a,(see Code table 4.2 and Notes 2 and 3),
1503,4.PTN,GRIB2_Template_4_53_ProductDefinitionTemplate_en,14-(14+2NP-1),octet,n/aa,(see Code table 4.PTN and Note 1),typo?
1505,4.PTN,GRIB2_Template_4_53_ProductDefinitionTemplate_en,(14+2NP)-(15+2NP),octet,n/a,(see Code table 4.PTN and Note 3),
1507,4.3,GRIB2_Template_4_53_ProductDefinitionTemplate_en,(16+2NP),octet,n/a,(see Code table 4.3),
1509,4.4,GRIB2_Template_4_53_ProductDefinitionTemplate_en,(22+2NP),octet,n/a,(see Code table 4.4),
1510,4.5,GRIB2_Template_4_53_ProductDefinitionTemplate_en,(27+2NP),octet,n/a,(see Code table 4.5),
1511,4.5,GRIB2_Template_4_53_ProductDefinitionTemplate_en,(33+2NP),octet,n/a,(see Code table 4.5),
1512,4.1,GRIB2_Template_4_54_ProductDefinitionTemplate_en,10,octet,n/a,(see Code table 4.1),
1513,4.2,GRIB2_Template_4_54_ProductDefinitionTemplate_en,11,octet,n/a,(see Code table 4.2 and Notes 2 and 3),
1519,4.PTN,GRIB2_Template_4_54_ProductDefinitionTemplate_en,14-(14+2NP-1),octet,n/a,(see Code table 4.PTN and Note 1),typo?
1521,4.PTN,GRIB2_Template_4_54_ProductDefinitionTemplate_en,(14+2NP)-(15+2NP),octet,n/a,(see Code table 4.PTN and Note 3),typo?
1523,4.3,GRIB2_Template_4_54_ProductDefinitionTemplate_en,(16+2NP),octet,n/a,(see Code table 4.3),
1525,4.4,GRIB2_Template_4_54_ProductDefinitionTemplate_en,(22+2NP),octet,n/a,(see Code table 4.4),
1526,4.5,GRIB2_Template_4_54_ProductDefinitionTemplate_en,(27+2NP),octet,n/a,(see Code table 4.5),
1527,4.5,GRIB2_Template_4_54_ProductDefinitionTemplate_en,(33+2NP),octet,n/a,(see Code table 4.5),
1528,4.6,GRIB2_Template_4_54_ProductDefinitionTemplate_en,(39+2NP),octet,n/a,(see Code table 4.6),
1529,4.1,GRIB2_Template_4_55_ProductDefinitionTemplate_en,10,octet,n/a,(see Code table 4.1),
1530,4.2,GRIB2_Template_4_55_ProductDefinitionTemplate_en,11,octet,n/a,(see Code table 4.2),
1531,4.242,GRIB2_Template_4_55_ProductDefinitionTemplate_en,12,octet,n/a,(see Code table 4.242),
1538,4.241,GRIB2_Template_4_55_ProductDefinitionTemplate_en,17,octet,n/a,(see Code table 4.241 and Note 1), code table 4.241 not referenced in manual
1540,4.3,GRIB2_Template_4_55_ProductDefinitionTemplate_en,18,octet,n/a,(see Code table 4.3),
1542,4.4,GRIB2_Template_4_55_ProductDefinitionTemplate_en,24,octet,n/a,(see Code table 4.4),
1543,4.5,GRIB2_Template_4_55_ProductDefinitionTemplate_en,29,octet,n/a,(see Code table 4.5),
1544,4.5,GRIB2_Template_4_55_ProductDefinitionTemplate_en,35,octet,n/a,(see Code table 4.5),
1545,4.1,GRIB2_Template_4_56_ProductDefinitionTemplate_en,10,octet,n/a,(see Code table 4.1),
1546,4.2,GRIB2_Template_4_56_ProductDefinitionTemplate_en,11,octet,n/a,(see Code table 4.2),
1547,4.242,GRIB2_Template_4_56_ProductDefinitionTemplate_en,12,octet,n/a,(see Code table 4.242),
1554,4.241,GRIB2_Template_4_56_ProductDefinitionTemplate_en,17,octet,n/a,(see Code table 4.241 and Note 1),references note in different template
1556,4.3,GRIB2_Template_4_56_ProductDefinitionTemplate_en,18,octet,n/a,(see Code table 4.3),
1558,4.4,GRIB2_Template_4_56_ProductDefinitionTemplate_en,24,octet,n/a,(see Code table 4.4),
1559,4.5,GRIB2_Template_4_56_ProductDefinitionTemplate_en,29,octet,n/a,(see Code table 4.5),
1560,4.5,GRIB2_Template_4_56_ProductDefinitionTemplate_en,35,octet,n/a,(see Code table 4.5),
1561,4.1,GRIB2_Template_4_57_ProductDefinitionTemplate_en,10,octet,n/a,(see Code table 4.1),
1562,4.2,GRIB2_Template_4_57_ProductDefinitionTemplate_en,11,octet,n/a,(see Code table 4.2),
1563,4.23,GRIB2_Template_4_57_ProductDefinitionTemplate_en,12-13,octet,n/a,(see Code table 4.230),
1565,4.24,GRIB2_Template_4_57_ProductDefinitionTemplate_en,18-19,octet,n/a,(see Code table 4.240),
1566,4.3,GRIB2_Template_4_57_ProductDefinitionTemplate_en,21+5Np,octet,n/a,(see Code table 4.3),
1568,4.4,GRIB2_Template_4_57_ProductDefinitionTemplate_en,27+5Np,octet,n/a,(see Code table 4.4),
1569,4.5,GRIB2_Template_4_57_ProductDefinitionTemplate_en,32+5Np,octet,n/a,(see Code table 4.5),
1570,4.5,GRIB2_Template_4_57_ProductDefinitionTemplate_en,38+5Np,octet,n/a,(see Code table 4.5),
1572,4.1,GRIB2_Template_4_58_ProductDefinitionTemplate_en,10,octet,n/a,(see Code table 4.1),
1573,4.2,GRIB2_Template_4_58_ProductDefinitionTemplate_en,11,octet,n/a,(see Code table 4.2),
1574,4.23,GRIB2_Template_4_58_ProductDefinitionTemplate_en,12-13,octet,n/a,(see Code table 4.230),
1576,4.24,GRIB2_Template_4_58_ProductDefinitionTemplate_en,18-19,octet,n/a,(see Code table 4.240),
1577,4.3,GRIB2_Template_4_58_ProductDefinitionTemplate_en,21+5Np,octet,n/a,(see Code table 4.3),
1579,4.4,GRIB2_Template_4_58_ProductDefinitionTemplate_en,27+5Np,octet,n/a,(see Code table 4.4),
1580,4.5,GRIB2_Template_4_58_ProductDefinitionTemplate_en,32+5Np,octet,n/a,(see Code table 4.5),
1581,4.5,GRIB2_Template_4_58_ProductDefinitionTemplate_en,38+5Np,octet,n/a,(see Code table 4.5),
1582,4.6,GRIB2_Template_4_58_ProductDefinitionTemplate_en,44+5Np,octet,n/a,(see Code table 4.6),
1584,4.1,GRIB2_Template_4_59_ProductDefinitionTemplate_en,10,octet,n/a,(see Code table 4.1),
1585,4.2,GRIB2_Template_4_59_ProductDefinitionTemplate_en,11,octet,n/a,(see Code table 4.2),
1586,4.242,GRIB2_Template_4_59_ProductDefinitionTemplate_en,12,octet,n/a,(see Code table 4.242),
1594,4.3,GRIB2_Template_4_59_ProductDefinitionTemplate_en,18,octet,n/a,(see Code table 4.3),
1596,4.4,GRIB2_Template_4_59_ProductDefinitionTemplate_en,24,octet,n/a,(see Code table 4.4),
1597,4.5,GRIB2_Template_4_59_ProductDefinitionTemplate_en,29,octet,n/a,(see Code table 4.5),
1598,4.5,GRIB2_Template_4_59_ProductDefinitionTemplate_en,35,octet,n/a,(see Code table 4.5),
1599,4.6,GRIB2_Template_4_59_ProductDefinitionTemplate_en,41,octet,n/a,(see Code table 4.6),
1600,4.1,GRIB2_Template_4_60_ProductDefinitionTemplate_en,10,octet,n/a,(see Code table 4.1),
1601,4.2,GRIB2_Template_4_60_ProductDefinitionTemplate_en,11,octet,n/a,(see Code table 4.2),
1602,4.3,GRIB2_Template_4_60_ProductDefinitionTemplate_en,12,octet,n/a,(see Code table 4.3),
1604,4.4,GRIB2_Template_4_60_ProductDefinitionTemplate_en,18,octet,n/a,(see Code table 4.4),
1605,4.5,GRIB2_Template_4_60_ProductDefinitionTemplate_en,23,octet,n/a,(see Code table 4.5),
1606,4.5,GRIB2_Template_4_60_ProductDefinitionTemplate_en,29,octet,n/a,(see Code table 4.5),
1607,4.6,GRIB2_Template_4_60_ProductDefinitionTemplate_en,35,octet,n/a,(see Code table 4.6),
1609,4.1,GRIB2_Template_4_61_ProductDefinitionTemplate_en,10,octet,n/a,(see Code table 4.1),
1610,4.2,GRIB2_Template_4_61_ProductDefinitionTemplate_en,11,octet,n/a,(see Code table 4.2),
1611,4.3,GRIB2_Template_4_61_ProductDefinitionTemplate_en,12,octet,n/a,(see Code table 4.3),
1613,4.4,GRIB2_Template_4_61_ProductDefinitionTemplate_en,18,octet,n/a,(see Code table 4.4),
1615,4.5,GRIB2_Template_4_61_ProductDefinitionTemplate_en,23,octet,n/a,(see Code table 4.5),
1616,4.5,GRIB2_Template_4_61_ProductDefinitionTemplate_en,29,octet,n/a,(see Code table 4.5),
1617,4.6,GRIB2_Template_4_61_ProductDefinitionTemplate_en,35,octet,n/a,(see Code table 4.6),
1619,4.1,GRIB2_Template_4_61_ProductDefinitionTemplate_en,57,octet,n/a,(see Code table 4.10),
1620,4.11,GRIB2_Template_4_61_ProductDefinitionTemplate_en,58,octet,n/a,(see Code table 4.11),
1621,4.4,GRIB2_Template_4_61_ProductDefinitionTemplate_en,59,octet,n/a,(see Code table 4.4),
1622,4.4,GRIB2_Template_4_61_ProductDefinitionTemplate_en,64,octet,n/a,(see Code table 4.4),
1625,4.1,GRIB2_Template_4_62_ProductDefinitionTemplate_en,10,octet,n/a,(see Code table 4.1),
1626,4.2,GRIB2_Template_4_62_ProductDefinitionTemplate_en,11,octet,n/a,(see Code table 4.2),
1627,4.242,GRIB2_Template_4_62_ProductDefinitionTemplate_en,12,octet,n/a,(see Code table 4.242),
1635,4.3,GRIB2_Template_4_62_ProductDefinitionTemplate_en,18,octet,n/a,(see Code table 4.3),
1637,4.4,GRIB2_Template_4_62_ProductDefinitionTemplate_en,24,octet,n/a,(see Code table 4.4),
1639,4.5,GRIB2_Template_4_62_ProductDefinitionTemplate_en,29,octet,n/a,(see Code table 4.5),
1640,4.5,GRIB2_Template_4_62_ProductDefinitionTemplate_en,35,octet,n/a,(see Code table 4.5),
1641,4.1,GRIB2_Template_4_62_ProductDefinitionTemplate_en,53,octet,n/a,(see Code table 4.10),
1642,4.11,GRIB2_Template_4_62_ProductDefinitionTemplate_en,54,octet,n/a,(see Code table 4.11),
1643,4.4,GRIB2_Template_4_62_ProductDefinitionTemplate_en,55,octet,n/a,(see Code table 4.4),
1644,4.4,GRIB2_Template_4_62_ProductDefinitionTemplate_en,60,octet,n/a,(see Code table 4.4),
1647,4.1,GRIB2_Template_4_63_ProductDefinitionTemplate_en,10,octet,n/a,(see Code table 4.1),
1648,4.2,GRIB2_Template_4_63_ProductDefinitionTemplate_en,11,octet,n/a,(see Code table 4.2),
1649,4.242,GRIB2_Template_4_63_ProductDefinitionTemplate_en,12,octet,n/a,(see Code table 4.242),
1657,4.3,GRIB2_Template_4_63_ProductDefinitionTemplate_en,18,octet,n/a,(see Code table 4.3),
1659,4.4,GRIB2_Template_4_63_ProductDefinitionTemplate_en,24,octet,n/a,(see Code table 4.4),
1661,4.5,GRIB2_Template_4_63_ProductDefinitionTemplate_en,29,octet,n/a,(see Code table 4.5),
1662,4.5,GRIB2_Template_4_63_ProductDefinitionTemplate_en,35,octet,n/a,(see Code table 4.5),
1663,4.6,GRIB2_Template_4_63_ProductDefinitionTemplate_en,41,octet,n/a,(see Code table 4.6),
1664,4.1,GRIB2_Template_4_63_ProductDefinitionTemplate_en,56,octet,n/a,(see Code table 4.10),
1665,4.11,GRIB2_Template_4_63_ProductDefinitionTemplate_en,57,octet,n/a,(see Code table 4.11),
1666,4.4,GRIB2_Template_4_63_ProductDefinitionTemplate_en,58,octet,n/a,(see Code table 4.4),
1667,4.4,GRIB2_Template_4_63_ProductDefinitionTemplate_en,63,octet,n/a,(see Code table 4.4),
1670,4.1,GRIB2_Template_4_67_ProductDefinitionTemplate_en,10,octet,n/a,(see Code table 4.1),
1671,4.2,GRIB2_Template_4_67_ProductDefinitionTemplate_en,11,octet,n/a,(see Code table 4.2),
1672,4.23,GRIB2_Template_4_67_ProductDefinitionTemplate_en,12-13,octet,n/a,(see Code table 4.230),
1674,4.24,GRIB2_Template_4_67_ProductDefinitionTemplate_en,18-19,octet,n/a,(see Code table 4.240 and Note 2),
1676,4.3,GRIB2_Template_4_67_ProductDefinitionTemplate_en,21+5Np,octet,n/a,(see Code table 4.3),
1678,4.4,GRIB2_Template_4_67_ProductDefinitionTemplate_en,27+5Np,octet,n/a,(see Code table 4.4),
1680,4.5,GRIB2_Template_4_67_ProductDefinitionTemplate_en,32+5Np,octet,n/a,(see Code table 4.5),
1681,4.5,GRIB2_Template_4_67_ProductDefinitionTemplate_en,38+5Np,octet,n/a,(see Code table 4.5),
1682,4.1,GRIB2_Template_4_67_ProductDefinitionTemplate_en,(56+5Np),octet,n/a,(see Code table 4.10),
1683,4.11,GRIB2_Template_4_67_ProductDefinitionTemplate_en,(57+5Np),octet,n/a,(see Code table 4.11),
1684,4.4,GRIB2_Template_4_67_ProductDefinitionTemplate_en,(58+5Np),octet,n/a,(see Code table 4.4),
1685,4.4,GRIB2_Template_4_67_ProductDefinitionTemplate_en,(63+5Np),octet,n/a,(see Code table 4.4),
1688,4.1,GRIB2_Template_4_68_ProductDefinitionTemplate_en,10,octet,n/a,(see Code table 4.1),
1689,4.2,GRIB2_Template_4_68_ProductDefinitionTemplate_en,11,octet,n/a,(see Code table 4.2),
1690,4.23,GRIB2_Template_4_68_ProductDefinitionTemplate_en,12-13,octet,n/a,(see Code table 4.230),
1692,4.24,GRIB2_Template_4_68_ProductDefinitionTemplate_en,18-19,octet,n/a,(see Code table 4.240 and Note 2),
1694,4.3,GRIB2_Template_4_68_ProductDefinitionTemplate_en,21+5Np,octet,n/a,(see Code table 4.3),
1696,4.4,GRIB2_Template_4_68_ProductDefinitionTemplate_en,27+5Np,octet,n/a,(see Code table 4.4),
1698,4.5,GRIB2_Template_4_68_ProductDefinitionTemplate_en,32+5Np,octet,n/a,(see Code table 4.5),
1699,4.5,GRIB2_Template_4_68_ProductDefinitionTemplate_en,38+5Np,octet,n/a,(see Code table 4.5),
1700,4.6,GRIB2_Template_4_68_ProductDefinitionTemplate_en,44+5Np,octet,n/a,(see Code table 4.6),
1701,4.1,GRIB2_Template_4_68_ProductDefinitionTemplate_en,(59+5Np),octet,n/a,(see Code table 4.10),
1702,4.11,GRIB2_Template_4_68_ProductDefinitionTemplate_en,(60+5Np),octet,n/a,(see Code table 4.11),
1703,4.4,GRIB2_Template_4_68_ProductDefinitionTemplate_en,(61+5Np),octet,n/a,(see Code table 4.4),
1704,4.4,GRIB2_Template_4_68_ProductDefinitionTemplate_en,(66+5Np),octet,n/a,(see Code table 4.4),
1707,4.1,GRIB2_Template_4_70_ProductDefinitionTemplate_en,10,octet,n/a,(see Code table 4.1),
1708,4.2,GRIB2_Template_4_70_ProductDefinitionTemplate_en,11,octet,n/a,(see Code table 4.2),
1713,4.3,GRIB2_Template_4_70_ProductDefinitionTemplate_en,17,octet,n/a,(see Code table 4.3),
1715,4.4,GRIB2_Template_4_70_ProductDefinitionTemplate_en,23,octet,n/a,(see Code table 4.4),
1716,4.5,GRIB2_Template_4_70_ProductDefinitionTemplate_en,28,octet,n/a,(see Code table 4.5),
1717,4.5,GRIB2_Template_4_70_ProductDefinitionTemplate_en,34,octet,n/a,(see Code table 4.5),
1718,4.1,GRIB2_Template_4_71_ProductDefinitionTemplate_en,10,octet,n/a,(see Code table 4.1),
1719,4.2,GRIB2_Template_4_71_ProductDefinitionTemplate_en,11,octet,n/a,(see Code table 4.2),
1724,4.3,GRIB2_Template_4_71_ProductDefinitionTemplate_en,17,octet,n/a,(see Code table 4.3),
1726,4.4,GRIB2_Template_4_71_ProductDefinitionTemplate_en,23,octet,n/a,(see Code table 4.4),
1727,4.5,GRIB2_Template_4_71_ProductDefinitionTemplate_en,28,octet,n/a,(see Code table 4.5),
1728,4.5,GRIB2_Template_4_71_ProductDefinitionTemplate_en,34,octet,n/a,(see Code table 4.5),
1729,4.6,GRIB2_Template_4_71_ProductDefinitionTemplate_en,40,octet,n/a,(see Code table 4.6),
1730,4.1,GRIB2_Template_4_72_ProductDefinitionTemplate_en,10,octet,n/a,(see Code table 4.1),
1731,4.2,GRIB2_Template_4_72_ProductDefinitionTemplate_en,11,octet,n/a,(see Code table 4.2),
1736,4.3,GRIB2_Template_4_72_ProductDefinitionTemplate_en,17,octet,n/a,(see Code table 4.3),
1738,4.4,GRIB2_Template_4_72_ProductDefinitionTemplate_en,23,octet,n/a,(see Code table 4.4),
1740,4.5,GRIB2_Template_4_72_ProductDefinitionTemplate_en,28,octet,n/a,(see Code table 4.5),
1741,4.5,GRIB2_Template_4_72_ProductDefinitionTemplate_en,34,octet,n/a,(see Code table 4.5),
1742,4.1,GRIB2_Template_4_72_ProductDefinitionTemplate_en,52,octet,n/a,(see Code table 4.10),
1743,4.11,GRIB2_Template_4_72_ProductDefinitionTemplate_en,53,octet,n/a,(see Code table 4.11),
1744,4.4,GRIB2_Template_4_72_ProductDefinitionTemplate_en,54,octet,n/a,(see Code table 4.4),
1745,4.4,GRIB2_Template_4_72_ProductDefinitionTemplate_en,59,octet,n/a,(see Code table 4.4),
1748,4.1,GRIB2_Template_4_73_ProductDefinitionTemplate_en,10,octet,n/a,(see Code table 4.1),
1749,4.2,GRIB2_Template_4_73_ProductDefinitionTemplate_en,11,octet,n/a,(see Code table 4.2),
1754,4.3,GRIB2_Template_4_73_ProductDefinitionTemplate_en,17,octet,n/a,(see Code table 4.3),
1756,4.4,GRIB2_Template_4_73_ProductDefinitionTemplate_en,23,octet,n/a,(see Code table 4.4),
1758,4.5,GRIB2_Template_4_73_ProductDefinitionTemplate_en,28,octet,n/a,(see Code table 4.5),
1759,4.5,GRIB2_Template_4_73_ProductDefinitionTemplate_en,34,octet,n/a,(see Code table 4.5),
1760,4.6,GRIB2_Template_4_73_ProductDefinitionTemplate_en,40,octet,n/a,(see Code table 4.6),
1761,4.1,GRIB2_Template_4_73_ProductDefinitionTemplate_en,55,octet,n/a,(see Code table 4.10),
1762,4.11,GRIB2_Template_4_73_ProductDefinitionTemplate_en,56,octet,n/a,(see Code table 4.11),
1763,4.4,GRIB2_Template_4_73_ProductDefinitionTemplate_en,57,octet,n/a,(see Code table 4.4),
1764,4.4,GRIB2_Template_4_73_ProductDefinitionTemplate_en,62,octet,n/a,(see Code table 4.4),
1767,4.1,GRIB2_Template_4_76_ProductDefinitionTemplate_en,10,octet,n/a,(see Code table 4.1),
1768,4.2,GRIB2_Template_4_76_ProductDefinitionTemplate_en,11,octet,n/a,(see Code table 4.2),
1769,4.23,GRIB2_Template_4_76_ProductDefinitionTemplate_en,12-13,octet,n/a,(see Code table 4.230),
1770,4.238,GRIB2_Template_4_76_ProductDefinitionTemplate_en,14,octet,n/a,(see Code table 4.238),
1771,4.3,GRIB2_Template_4_76_ProductDefinitionTemplate_en,15,octet,n/a,(see Code table 4.3),
1773,4.4,GRIB2_Template_4_76_ProductDefinitionTemplate_en,21,octet,n/a,(see Code table 4.4),
1774,4.5,GRIB2_Template_4_76_ProductDefinitionTemplate_en,26,octet,n/a,(see Code table 4.5),
1775,4.5,GRIB2_Template_4_76_ProductDefinitionTemplate_en,32,octet,n/a,(see Code table 4.5),
1776,4.1,GRIB2_Template_4_77_ProductDefinitionTemplate_en,10,octet,n/a,(see Code table 4.1),
1777,4.2,GRIB2_Template_4_77_ProductDefinitionTemplate_en,11,octet,n/a,(see Code table 4.2),
1778,4.23,GRIB2_Template_4_77_ProductDefinitionTemplate_en,12-13,octet,n/a,(see Code table 4.230),
1779,4.238,GRIB2_Template_4_77_ProductDefinitionTemplate_en,14,octet,n/a,(see Code table 4.238),
1780,4.3,GRIB2_Template_4_77_ProductDefinitionTemplate_en,15,octet,n/a,(see Code table 4.3),
1782,4.4,GRIB2_Template_4_77_ProductDefinitionTemplate_en,21,octet,n/a,(see Code table 4.4),
1783,4.5,GRIB2_Template_4_77_ProductDefinitionTemplate_en,26,octet,n/a,(see Code table 4.5),
1784,4.5,GRIB2_Template_4_77_ProductDefinitionTemplate_en,32,octet,n/a,(see Code table 4.5),
1785,4.6,GRIB2_Template_4_77_ProductDefinitionTemplate_en,38,octet,n/a,(see Code table 4.6),
1786,4.1,GRIB2_Template_4_78_ProductDefinitionTemplate_en,10,octet,n/a,(see Code table 4.1),
1787,4.2,GRIB2_Template_4_78_ProductDefinitionTemplate_en,11,octet,n/a,(see Code table 4.2),
1788,4.23,GRIB2_Template_4_78_ProductDefinitionTemplate_en,12-13,octet,n/a,(see Code table 4.230),
1789,4.238,GRIB2_Template_4_78_ProductDefinitionTemplate_en,14,octet,n/a,(see Code table 4.238),
1790,4.3,GRIB2_Template_4_78_ProductDefinitionTemplate_en,15,octet,n/a,(see Code table 4.3),
1792,4.4,GRIB2_Template_4_78_ProductDefinitionTemplate_en,21,octet,n/a,(see Code table 4.4),
1794,4.5,GRIB2_Template_4_78_ProductDefinitionTemplate_en,26,octet,n/a,(see Code table 4.5),
1795,4.5,GRIB2_Template_4_78_ProductDefinitionTemplate_en,32,octet,n/a,(see Code table 4.5),
1796,4.1,GRIB2_Template_4_78_ProductDefinitionTemplate_en,50,octet,n/a,(see Code table 4.10),
1797,4.11,GRIB2_Template_4_78_ProductDefinitionTemplate_en,51,octet,n/a,(see Code table 4.11),
1798,4.4,GRIB2_Template_4_78_ProductDefinitionTemplate_en,52,octet,n/a,(see Code table 4.4),
1799,4.4,GRIB2_Template_4_78_ProductDefinitionTemplate_en,57,octet,n/a,(see Code table 4.4),
1802,4.1,GRIB2_Template_4_79_ProductDefinitionTemplate_en,10,octet,n/a,(see Code table 4.1),
1803,4.2,GRIB2_Template_4_79_ProductDefinitionTemplate_en,11,octet,n/a,(see Code table 4.2),
1804,4.23,GRIB2_Template_4_79_ProductDefinitionTemplate_en,12-13,octet,n/a,(see Code table 4.230),
1805,4.238,GRIB2_Template_4_79_ProductDefinitionTemplate_en,14,octet,n/a,(see Code table 4.238),
1806,4.3,GRIB2_Template_4_79_ProductDefinitionTemplate_en,15,octet,n/a,(see Code table 4.3),
1808,4.4,GRIB2_Template_4_79_ProductDefinitionTemplate_en,21,octet,n/a,(see Code table 4.4),
1810,4.5,GRIB2_Template_4_79_ProductDefinitionTemplate_en,26,octet,n/a,(see Code table 4.5),
1811,4.5,GRIB2_Template_4_79_ProductDefinitionTemplate_en,32,octet,n/a,(see Code table 4.5),
1812,4.6,GRIB2_Template_4_79_ProductDefinitionTemplate_en,38,octet,n/a,(see Code table 4.6),
1813,4.1,GRIB2_Template_4_79_ProductDefinitionTemplate_en,53,octet,n/a,(see Code table 4.10),
1814,4.11,GRIB2_Template_4_79_ProductDefinitionTemplate_en,54,octet,n/a,(see Code table 4.11),
1815,4.4,GRIB2_Template_4_79_ProductDefinitionTemplate_en,55,octet,n/a,(see Code table 4.4),
1816,4.4,GRIB2_Template_4_79_ProductDefinitionTemplate_en,60,octet,n/a,(see Code table 4.4),
1819,4.1,GRIB2_Template_4_80_ProductDefinitionTemplate_en,10,octet,n/a,(see Code table 4.1),
1820,4.2,GRIB2_Template_4_80_ProductDefinitionTemplate_en,11,octet,n/a,(see Code table 4.2),
1822,4.238,GRIB2_Template_4_80_ProductDefinitionTemplate_en,14,octet,n/a,(see Code table 4.238),
1823,4.91,GRIB2_Template_4_80_ProductDefinitionTemplate_en,15,octet,n/a,(see Code table 4.91),
1824,4.91,GRIB2_Template_4_80_ProductDefinitionTemplate_en,26,octet,n/a,(see Code table 4.91),
1825,4.3,GRIB2_Template_4_80_ProductDefinitionTemplate_en,37,octet,n/a,(see Code table 4.3),
1827,4.4,GRIB2_Template_4_80_ProductDefinitionTemplate_en,43,octet,n/a,(see Code table 4.4),
1828,4.5,GRIB2_Template_4_80_ProductDefinitionTemplate_en,48,octet,n/a,(see Code table 4.5),
1829,4.5,GRIB2_Template_4_80_ProductDefinitionTemplate_en,54,octet,n/a,(see Code table 4.5),
1830,4.1,GRIB2_Template_4_81_ProductDefinitionTemplate_en,10,octet,n/a,(see Code table 4.1),
1831,4.2,GRIB2_Template_4_81_ProductDefinitionTemplate_en,11,octet,n/a,(see Code table 4.2),
1833,4.238,GRIB2_Template_4_81_ProductDefinitionTemplate_en,14,octet,n/a,(see Code table 4.238),
1834,4.91,GRIB2_Template_4_81_ProductDefinitionTemplate_en,15,octet,n/a,(see Code table 4.91),
1835,4.91,GRIB2_Template_4_81_ProductDefinitionTemplate_en,26,octet,n/a,(see Code table 4.91),
1836,4.3,GRIB2_Template_4_81_ProductDefinitionTemplate_en,37,octet,n/a,(see Code table 4.3),
1838,4.4,GRIB2_Template_4_81_ProductDefinitionTemplate_en,43,octet,n/a,(see Code table 4.4),
1839,4.5,GRIB2_Template_4_81_ProductDefinitionTemplate_en,48,octet,n/a,(see Code table 4.5),
1840,4.5,GRIB2_Template_4_81_ProductDefinitionTemplate_en,54,octet,n/a,(see Code table 4.5),
1841,4.6,GRIB2_Template_4_81_ProductDefinitionTemplate_en,60,octet,n/a,(see Code table 4.6),
1842,4.1,GRIB2_Template_4_82_ProductDefinitionTemplate_en,10,octet,n/a,(see Code table 4.1),
1843,4.2,GRIB2_Template_4_82_ProductDefinitionTemplate_en,11,octet,n/a,(see Code table 4.2),
1844,4.233,GRIB2_Template_4_82_ProductDefinitionTemplate_en,12-13,octet,n/a,(see Code table 4.233),
1845,2.238,GRIB2_Template_4_82_ProductDefinitionTemplate_en,14,octet,n/a,(see Code table 2.238),
1846,4.91,GRIB2_Template_4_82_ProductDefinitionTemplate_en,15,octet,n/a,(see Code table 4.91),
1847,4.3,GRIB2_Template_4_82_ProductDefinitionTemplate_en,26,octet,n/a,(see Code table 4.3),
1849,4.4,GRIB2_Template_4_82_ProductDefinitionTemplate_en,32,octet,n/a,(see Code table 4.4),
1851,4.5,GRIB2_Template_4_82_ProductDefinitionTemplate_en,37,octet,n/a,(see Code table 4.5),
1852,4.5,GRIB2_Template_4_82_ProductDefinitionTemplate_en,43,octet,n/a,(see Code table 4.5),
1853,4.1,GRIB2_Template_4_82_ProductDefinitionTemplate_en,61,octet,n/a,(see Code table 4.10),
1854,4.11,GRIB2_Template_4_82_ProductDefinitionTemplate_en,62,octet,n/a,(see Code table 4.11),
1855,4.4,GRIB2_Template_4_82_ProductDefinitionTemplate_en,63,octet,n/a,(see Code table 4.4),
1856,4.4,GRIB2_Template_4_82_ProductDefinitionTemplate_en,68,octet,n/a,(see Code table 4.4),
1859,4.1,GRIB2_Template_4_83_ProductDefinitionTemplate_en,10,octet,n/a,(see Code table 4.1),
1860,4.2,GRIB2_Template_4_83_ProductDefinitionTemplate_en,11,octet,n/a,(see Code table 4.2),
1861,4.3,GRIB2_Template_4_83_ProductDefinitionTemplate_en,12,octet,n/a,(see Code table 4.3),
1862,4.233,GRIB2_Template_4_83_ProductDefinitionTemplate_en,13-14,octet,n/a,(see Code table 4.233),
1863,4.238,GRIB2_Template_4_83_ProductDefinitionTemplate_en,15,octet,n/a,(see Code table 4.238),
1864,4.91,GRIB2_Template_4_83_ProductDefinitionTemplate_en,16,octet,n/a,(see Code table 4.91),
1866,4.4,GRIB2_Template_4_83_ProductDefinitionTemplate_en,32,octet,n/a,(see Code table 4.4),
1868,4.5,GRIB2_Template_4_83_ProductDefinitionTemplate_en,37,octet,n/a,(see Code table 4.5),
1869,4.5,GRIB2_Template_4_83_ProductDefinitionTemplate_en,43,octet,n/a,(see Code table 4.5),
1870,4.6,GRIB2_Template_4_83_ProductDefinitionTemplate_en,49,octet,n/a,(see Code table 4.6),
1871,4.1,GRIB2_Template_4_83_ProductDefinitionTemplate_en,64,octet,n/a,(see Code table 4.10),
1872,4.11,GRIB2_Template_4_83_ProductDefinitionTemplate_en,65,octet,n/a,(see Code table 4.11),
1873,4.4,GRIB2_Template_4_83_ProductDefinitionTemplate_en,66,octet,n/a,(see Code table 4.4),
1874,4.4,GRIB2_Template_4_83_ProductDefinitionTemplate_en,71,octet,n/a,(see Code table 4.4),
1878,4.1,GRIB2_Template_4_91_ProductDefinitionTemplate_en,10,octet,n/a,(see Code table 4.1),
1879,4.2,GRIB2_Template_4_91_ProductDefinitionTemplate_en,11,octet,n/a,(see Code table 4.2),
1880,4.3,GRIB2_Template_4_91_ProductDefinitionTemplate_en,12,octet,n/a,(see Code table 4.3),
1882,4.4,GRIB2_Template_4_91_ProductDefinitionTemplate_en,18,octet,n/a,(see Code table 4.4),
1884,4.5,GRIB2_Template_4_91_ProductDefinitionTemplate_en,23,octet,n/a,(see Code table 4.5),
1885,4.5,GRIB2_Template_4_91_ProductDefinitionTemplate_en,29,octet,n/a,(see Code table 4.5),
1886,4.91,GRIB2_Template_4_91_ProductDefinitionTemplate_en,(37+12(i-1)),octet,n/a,(see Code table 4.91),
1887,4.1,GRIB2_Template_4_91_ProductDefinitionTemplate_en,(60+12(NC-1)),octet,n/a,(see Code table 4.10),
1888,4.11,GRIB2_Template_4_91_ProductDefinitionTemplate_en,(61+12(NC-1)),octet,n/a,(see Code table 4.11),
1889,4.4,GRIB2_Template_4_91_ProductDefinitionTemplate_en,(62+12(NC-1)),octet,n/a,(see Code table 4.4),
1890,4.4,GRIB2_Template_4_91_ProductDefinitionTemplate_en,(67+12(NC-1)),octet,n/a,(see Code table 4.4),
1893,4.1,GRIB2_Template_4_254_ProductDefinitionTemplate_en,10,octet,n/a,(see Code table 4.1),
1894,4.2,GRIB2_Template_4_254_ProductDefinitionTemplate_en,11,octet,n/a,(see Code table 4.2),
1895,4.1,GRIB2_Template_4_1000_ProductDefinitionTemplate_en,10,octet,n/a,(see Code table 4.1),
1896,4.2,GRIB2_Template_4_1000_ProductDefinitionTemplate_en,11,octet,n/a,(see Code table 4.2),
1897,4.3,GRIB2_Template_4_1000_ProductDefinitionTemplate_en,12,octet,n/a,(see Code table 4.3),
1899,4.4,GRIB2_Template_4_1000_ProductDefinitionTemplate_en,18,octet,n/a,(see Code table 4.4),
1901,4.1,GRIB2_Template_4_1001_ProductDefinitionTemplate_en,10,octet,n/a,(see Code table 4.1),
1902,4.2,GRIB2_Template_4_1001_ProductDefinitionTemplate_en,11,octet,n/a,(see Code table 4.2),
1903,4.3,GRIB2_Template_4_1001_ProductDefinitionTemplate_en,12,octet,n/a,(see Code table 4.3),
1905,4.4,GRIB2_Template_4_1001_ProductDefinitionTemplate_en,18,octet,n/a,(see Code table 4.4),
1906,4.1,GRIB2_Template_4_1001_ProductDefinitionTemplate_en,27,octet,n/a,(see Code table 4.10),
1907,4.11,GRIB2_Template_4_1001_ProductDefinitionTemplate_en,28,octet,n/a,(see Code table 4.11),
1908,4.4,GRIB2_Template_4_1001_ProductDefinitionTemplate_en,29,octet,n/a,(see Code table 4.4),
1909,4.4,GRIB2_Template_4_1001_ProductDefinitionTemplate_en,34,octet,n/a,(see Code table 4.4),
1912,4.1,GRIB2_Template_4_1002_ProductDefinitionTemplate_en,10,octet,n/a,(see Code table 4.1),
1913,4.2,GRIB2_Template_4_1002_ProductDefinitionTemplate_en,11,octet,n/a,(see Code table 4.2),
1914,4.3,GRIB2_Template_4_1002_ProductDefinitionTemplate_en,12,octet,n/a,(see Code table 4.3),
1916,4.4,GRIB2_Template_4_1002_ProductDefinitionTemplate_en,18,octet,n/a,(see Code table 4.4),
1917,4.22,GRIB2_Template_4_1002_ProductDefinitionTemplate_en,23,octet,n/a,(see Code table 4.220),
1918,4.221,GRIB2_Template_4_1002_ProductDefinitionTemplate_en,24,octet,n/a,(see Code table 4.221),
1919,4.1,GRIB2_Template_4_1002_ProductDefinitionTemplate_en,25,octet,n/a,(see Code table 4.10),
1921,4.1,GRIB2_Template_4_1100_ProductDefinitionTemplate_en,10,octet,n/a,(see Code table 4.1),
1922,4.2,GRIB2_Template_4_1100_ProductDefinitionTemplate_en,11,octet,n/a,(see Code table 4.2),
1923,4.3,GRIB2_Template_4_1100_ProductDefinitionTemplate_en,12,octet,n/a,(see Code table 4.3),
1925,4.4,GRIB2_Template_4_1100_ProductDefinitionTemplate_en,18,octet,n/a,(see Code table 4.4),
1926,4.5,GRIB2_Template_4_1100_ProductDefinitionTemplate_en,23,octet,n/a,(see Code table 4.5),
1927,4.5,GRIB2_Template_4_1100_ProductDefinitionTemplate_en,29,octet,n/a,(see Code table 4.5),
1929,4.1,GRIB2_Template_4_1101_ProductDefinitionTemplate_en,10,octet,n/a,(see Code table 4.1),
1930,4.2,GRIB2_Template_4_1101_ProductDefinitionTemplate_en,11,octet,n/a,(see Code table 4.2),
1931,4.3,GRIB2_Template_4_1101_ProductDefinitionTemplate_en,12,octet,n/a,(see Code table 4.3),
1933,4.4,GRIB2_Template_4_1101_ProductDefinitionTemplate_en,18,octet,n/a,(see Code table 4.4),
1935,4.5,GRIB2_Template_4_1101_ProductDefinitionTemplate_en,23,octet,n/a,(see Code table 4.5),
1936,4.5,GRIB2_Template_4_1101_ProductDefinitionTemplate_en,29,octet,n/a,(see Code table 4.5),
1937,4.1,GRIB2_Template_4_1101_ProductDefinitionTemplate_en,39,octet,n/a,(see Code table 4.10),
1938,4.11,GRIB2_Template_4_1101_ProductDefinitionTemplate_en,40,octet,n/a,(see Code table 4.11),
1939,4.4,GRIB2_Template_4_1101_ProductDefinitionTemplate_en,41,octet,n/a,(see Code table 4.4),
1940,4.4,GRIB2_Template_4_1101_ProductDefinitionTemplate_en,46,octet,n/a,(see Code table 4.4),
1943,4.1,GRIB2_Template_4_84_ProductDefinitionTemplate_en,10,octet,n/a,(see Code table 4.1),
1944,4.2,GRIB2_Template_4_84_ProductDefinitionTemplate_en,11,octet,n/a,(see Code table 4.2),
1945,4.233,GRIB2_Template_4_84_ProductDefinitionTemplate_en,12-13,octet,n/a,(see Code table 4.233),
1946,4.238,GRIB2_Template_4_84_ProductDefinitionTemplate_en,14,octet,n/a,(see Code table 4.238),
1947,4.91,GRIB2_Template_4_84_ProductDefinitionTemplate_en,15,octet,n/a,(see Code table 4.91),
1948,4.3,GRIB2_Template_4_84_ProductDefinitionTemplate_en,26,octet,n/a,(see Code table 4.3),
1950,4.4,GRIB2_Template_4_84_ProductDefinitionTemplate_en,32,octet,n/a,(see Code table 4.4),
1952,4.5,GRIB2_Template_4_84_ProductDefinitionTemplate_en,37,octet,n/a,(see Code table 4.5),
1953,4.5,GRIB2_Template_4_84_ProductDefinitionTemplate_en,43,octet,n/a,(see Code table 4.5),
1954,4.6,GRIB2_Template_4_84_ProductDefinitionTemplate_en,49,octet,n/a,(see Code table 4.6),
1955,4.1,GRIB2_Template_4_84_ProductDefinitionTemplate_en,64,octet,n/a,(see Code table 4.10),
1956,4.11,GRIB2_Template_4_84_ProductDefinitionTemplate_en,65,octet,n/a,(see Code table 4.11),
1957,4.4,GRIB2_Template_4_84_ProductDefinitionTemplate_en,66,octet,n/a,(see Code table 4.4),
1958,4.4,GRIB2_Template_4_84_ProductDefinitionTemplate_en,71,octet,n/a,(see Code table 4.4),
1961,4.1,GRIB2_Template_4_85_ProductDefinitionTemplate_en,10,octet,n/a,(see Code table 4.1),
1962,4.2,GRIB2_Template_4_85_ProductDefinitionTemplate_en,11,octet,n/a,(see Code table 4.2),
1963,4.233,GRIB2_Template_4_85_ProductDefinitionTemplate_en,12-13,octet,n/a,(see Code table 4.233),
1964,4.91,GRIB2_Template_4_85_ProductDefinitionTemplate_en,14,octet,n/a,(see Code table 4.91),
1965,4.3,GRIB2_Template_4_85_ProductDefinitionTemplate_en,25,octet,n/a,(see Code table 4.3),
1967,4.4,GRIB2_Template_4_85_ProductDefinitionTemplate_en,31,octet,n/a,(see Code table 4.4),
1969,4.5,GRIB2_Template_4_85_ProductDefinitionTemplate_en,36,octet,n/a,(see Code table 4.5),
1970,4.5,GRIB2_Template_4_85_ProductDefinitionTemplate_en,42,octet,n/a,(see Code table 4.5),
1971,4.6,GRIB2_Template_4_85_ProductDefinitionTemplate_en,48,octet,n/a,(see Code table 4.6),
1972,4.1,GRIB2_Template_4_85_ProductDefinitionTemplate_en,63,octet,n/a,(see Code table 4.10),
1973,4.11,GRIB2_Template_4_85_ProductDefinitionTemplate_en,64,octet,n/a,(see Code table 4.11),
1974,4.4,GRIB2_Template_4_85_ProductDefinitionTemplate_en,65,octet,n/a,(see Code table 4.4),
1975,4.4,GRIB2_Template_4_85_ProductDefinitionTemplate_en,70,octet,n/a,(see Code table 4.4),
1978,4.1,GRIB2_Template_4_86_ProductDefinitionTemplate_en,10,octet,n/a,(see Code table 4.1),
1979,4.2,GRIB2_Template_4_86_ProductDefinitionTemplate_en,11,octet,n/a,(see Code table 4.2),
1980,4.3,GRIB2_Template_4_86_ProductDefinitionTemplate_en,12,octet,n/a,(see Code table 4.3),
1982,4.4,GRIB2_Template_4_86_ProductDefinitionTemplate_en,18,octet,n/a,(see Code table 4.4),
1983,4.5,GRIB2_Template_4_86_ProductDefinitionTemplate_en,23,octet,n/a,(see Code table 4.5),
1984,4.5,GRIB2_Template_4_86_ProductDefinitionTemplate_en,29,octet,n/a,(see Code table 4.5),
1985,4.1,GRIB2_Template_4_87_ProductDefinitionTemplate_en,10,octet,n/a,(see Code table 4.1),
1986,4.2,GRIB2_Template_4_87_ProductDefinitionTemplate_en,11,octet,n/a,(see Code table 4.2),
1987,4.3,GRIB2_Template_4_87_ProductDefinitionTemplate_en,12,octet,n/a,(see Code table 4.3),
1989,4.4,GRIB2_Template_4_87_ProductDefinitionTemplate_en,18,octet,n/a,(see Code table 4.4),
1991,4.5,GRIB2_Template_4_87_ProductDefinitionTemplate_en,23,octet,n/a,(see Code table 4.5),
1992,4.5,GRIB2_Template_4_87_ProductDefinitionTemplate_en,29,octet,n/a,(see Code table 4.5),
1993,4.1,GRIB2_Template_4_87_ProductDefinitionTemplate_en,51,octet,n/a,(see Code table 4.10),
1994,4.11,GRIB2_Template_4_87_ProductDefinitionTemplate_en,52,octet,n/a,(see Code table 4.11),
1995,4.4,GRIB2_Template_4_87_ProductDefinitionTemplate_en,53,octet,n/a,(see Code table 4.4),
1996,4.4,GRIB2_Template_4_87_ProductDefinitionTemplate_en,58,octet,n/a,(see Code table 4.4),
1998,4.1,GRIB2_Template_4_88_ProductDefinitionTemplate_en,10,octet,n/a,(see Code table 4.1),
1999,4.2,GRIB2_Template_4_88_ProductDefinitionTemplate_en,11,octet,n/a,(see Code table 4.2),
2000,4.3,GRIB2_Template_4_88_ProductDefinitionTemplate_en,12,octet,n/a,(see Code table 4.3),
2001,4.5,GRIB2_Template_4_88_ProductDefinitionTemplate_en,15,octet,n/a,(see Code table 4.5),
2002,4.5,GRIB2_Template_4_88_ProductDefinitionTemplate_en,21,octet,n/a,(see Code table 4.5),
2003,2.248,GRIB2_Template_4_88_ProductDefinitionTemplate_en,27,octet,n/a,(see Code Table 2.248),
2005,5.1,GRIB2_Template_5_0_DataRepresentationTemplate_en,21,octet,n/a,(see Code table 5.1),
2008,5.2,GRIB2_Template_5_1_DataRepresentationTemplate_en,31,octet,n/a,(Code table 5.2),
2009,5.2,GRIB2_Template_5_1_DataRepresentationTemplate_en,33,octet,n/a,(Code table 5.2),
2010,5.3,GRIB2_Template_5_1_DataRepresentationTemplate_en,35,octet,n/a,(Code table 5.3),
2011,5.3,GRIB2_Template_5_1_DataRepresentationTemplate_en,36,octet,n/a,(Code table 5.3),
2018,5.4,GRIB2_Template_5_2_DataRepresentationTemplate_en,22,octet,n/a,(see Code table 5.4),
2019,5.5,GRIB2_Template_5_2_DataRepresentationTemplate_en,23,octet,n/a,(see Code table 5.5),
2036,5.6,GRIB2_Template_5_3_DataRepresentationTemplate_en,48,octet,n/a,(see Code table 5.6),
2041,5.7,GRIB2_Template_5_4_DataRepresentationTemplate_en,12,octet,n/a,(see Code table 5.7),
2051,5.1,GRIB2_Template_5_41_DataRepresentationTemplate_en,21,octet,n/a,(see Code table 5.1),
2058,5.1,GRIB2_Template_5_42_DataRepresentationTemplate_en,21,octet,n/a,(see Code table 5.1),
2070,5.7,GRIB2_Template_5_51_DataRepresentationTemplate_en,35,octet,n/a,(see Code table 5.7),
2074,5.25,GRIB2_Template_5_53_DataRepresentationTemplate_en,21,octet,n/a,(see Code table 5.25),
2075,5.26,GRIB2_Template_5_53_DataRepresentationTemplate_en,22,octet,n/a,(see Code table 5.26),
2079,5.7,GRIB2_Template_5_53_DataRepresentationTemplate_en,35,octet,n/a,(see Code table 5.7),
2114,3.8,GRIB2_Template_3_100_GridDefinitionTemplate_en,32,octet,n/a,(see Code table 3.8),
2121,3.2,GRIB2_Template_3_101_GridDefinitionTemplate_en,15,octet,n/a,(see Code table 3.2),
2123,3.2,GRIB2_Template_3_110_GridDefinitionTemplate_en,15,octet,n/a,(see Code table 3.2),
2129,3.2,GRIB2_Template_3_140_GridDefinitionTemplate_en,15,octet,n/a,(see Code table 3.2),
2133,3.2,GRIB2_Template_3_1000_GridDefinitionTemplate_en,15,octet,n/a,(see Code table 3.2),
2141,3.2,GRIB2_Template_3_1000_GridDefinitionTemplate_en,60,octet,n/a,(see Code table 3.20),
2143,3.2,GRIB2_Template_3_1100_GridDefinitionTemplate_en,15,octet,n/a,(see Code table 3.2),
2151,3.2,GRIB2_Template_3_1100_GridDefinitionTemplate_en,60,octet,n/a,(see Code table 3.20),
2153,4.4,GRIB2_Template_3_1200_GridDefinitionTemplate_en,19,octet,n/a,(see Code table 4.4),
2154,4.11,GRIB2_Template_3_1200_GridDefinitionTemplate_en,24,octet,n/a,(see Code table 4.11),
2155,4.4,GRIB2_Template_3_1200_GridDefinitionTemplate_en,25,octet,n/a,(see Code table 4.4),
2156,3.15,GRIB2_Template_3_1200_GridDefinitionTemplate_en,39,octet,n/a,(see Code table 3.15),
2157,3.21,GRIB2_Template_3_1200_GridDefinitionTemplate_en,40,octet,n/a,(see Code table 3.21),
2159,3.6,GRIB2_Template_3_61_GridDefinitionTemplate_en,15,octet,n/a,(see Code table 3.6),
2160,3.25,GRIB2_Template_3_61_GridDefinitionTemplate_en,24,octet,n/a,(see Code table 3.25),
2161,3.2,GRIB2_Template_3_61_GridDefinitionTemplate_en,73,octet,n/a,(see Code table 3.2),
2163,3.6,GRIB2_Template_3_62_GridDefinitionTemplate_en,15,octet,n/a,(see Code table 3.6),
2164,3.25,GRIB2_Template_3_62_GridDefinitionTemplate_en,24,octet,n/a,(see Code table 3.25),
2165,3.2,GRIB2_Template_3_62_GridDefinitionTemplate_en,73,octet,n/a,(see Code table 3.2),
2166,3.6,GRIB2_Template_3_63_GridDefinitionTemplate_en,15,octet,n/a,(see Code table 3.6),
2167,3.25,GRIB2_Template_3_63_GridDefinitionTemplate_en,24,octet,n/a,(see Code table 3.25),
2168,3.2,GRIB2_Template_3_63_GridDefinitionTemplate_en,73,octet,n/a,(see Code table 3.2),
2169,3.2,GRIB2_Template_3_90_GridDefinitionTemplate_en,15,octet,n/a,(see Code table 3.2),
2179,4.4,GRIB2_Template_4_88_ProductDefinitionTemplate_en,36,octet,n/a,"(see Code Table 4.4, set to missing if analysis)",
1469,CCT-14,GRIB2_Template_4_48_ProductDefinitionTemplate_en,12-13,octet,n/a,(see Common Code table C-14),
1479,CCT-14,GRIB2_Template_4_49_ProductDefinitionTemplate_en,12-13,octet,n/a,(see Common Code table C-14),
1710,CCT-11,GRIB2_Template_4_70_ProductDefinitionTemplate_en,14-15,octet,n/a,(see Common Code table C-11 and Note 2),
1721,CCT-11,GRIB2_Template_4_71_ProductDefinitionTemplate_en,14-15,octet,n/a,(see Common Code table C-11 and Note 2),
1733,CCT-11,GRIB2_Template_4_72_ProductDefinitionTemplate_en,14-15,octet,n/a,(see Common Code table C-11 and Note 2),
1751,CCT-11,GRIB2_Template_4_73_ProductDefinitionTemplate_en,14-15,octet,n/a,(see Common Code table C-11 and Note 2),
1821,CCT-14,GRIB2_Template_4_80_ProductDefinitionTemplate_en,12-13,octet,n/a,(see Common Code table C-14),
1832,CCT-14,GRIB2_Template_4_81_ProductDefinitionTemplate_en,12-13,octet,n/a,(see Common Code table C-14),